filename,description
sam-gilliam/red-petals.jpg,No description
charlotte-posenenske/sprayed-picture-1965-1(1).jpg,No description
kazuo-shiraga/goshiki-sanmai-1976.jpg,No description
kazuo-shiraga/celebration-1967.jpg,No description
wassily-kandinsky/black-and-violet-1923.jpg,No description
esteban-vicente/untitled-1959.jpg,No description
doug-ohlson/china-series-a-flamingo-1975.jpg,No description
sam-francis/untitled-bright-ring-1-sfp68-55-1968.jpg,No description
walter-darby-bannard/hopewell-valley-sun-1959.jpg,No description
jean-degottex/antee-iii-1956.jpg,No description
richard-mortensen/ajaccio-i-1959.jpg,No description
barnett-newman/moment-1946.jpg,No description
princess-fahrelnissa-zeid/the-arena-of-the-sun-1954.jpg,No description
friedel-dzubas/ascona-1976.jpg,No description
marcelle-loubchansky/composition-abstraite-1982.jpg,No description
albert-bitran/moins-visible-1972.jpg,No description
david-kakabadze/sailboats-1921(1).jpg,No description
gerardo-dottori/explosion-of-red-on-green-1910.jpg,No description
roger-bissi-re/composition-in-blue-1959.jpg,No description
bram-van-velde/l-unique-iii-1973.jpg,No description
olivier-debre/blanche-ocre-1973.jpg,No description
conrad-marca-relli/the-surge-1958.jpg,No description
antonio-calderara/spazio-luce-1963.jpg,No description
mark-rothko/untitled-1970.jpg,No description
friedel-dzubas/sartoris-1963.jpg,No description
giulio-turcato/il-tunnel-1970.jpg,No description
mira-schendel/untitled-1963(1).jpg,No description
esteban-vicente/red-field-1972.jpg,No description
ron-gorchov/lure-ii-1976.jpg,No description
fred-sandback/blue-day-glo-corner-piece-1968.jpg,No description
barnett-newman/vir-heroicus-sublimis-1951.jpg,No description
patrick-heron/horizontal-stripe-painting-november-1957-january-1958-1958.jpg,No description
morris-louis/number-182-1961.jpg,No description
janos-mattis-teutsch/composition-1923-1(8).jpg,No description
lawren-harris/abstraction-30-1955.jpg,No description
pat-lipsky/sandwich-1969.jpg,No description
jack-tworkov/pink-mississippi-1954.jpg,No description
manuel-rivera/metamorphosis-1959.jpg,No description
jean-miotte/ohara-1962.jpg,No description
warren-rohrer/edge-4-1985.jpg,No description
hans-hofmann/the-garden-1956.jpg,No description
leon-berkowitz/seven-lights-series-1975.jpg,No description
mark-rothko/no-2-1964.jpg,No description
mario-prassinos/untitled-1956.jpg,No description
bice-lazzari/racconto-n-2-1955(2).jpg,No description
gustave-singier/les-dunes-et-le-port-1951.jpg,No description
basil-beattie/orange-no-1-1969.jpg,No description
richard-mortensen/movement-in-nature-1938.jpg,No description
frank-lobdell/july-1954-1954.jpg,No description
jean-fautrier/composition-1958.jpg,No description
jacques-h-rold/moon-flowers.jpg,No description
richards-ruben/summer-3-1957.jpg,No description
ernst-wilhelm-nay/oberon-1949.jpg,No description
rene-duvillier/vent-1960-1.jpg,No description
william-turnbull/18-1963-1963.jpg,No description
giuseppe-santomaso/incanto-1958.jpg,No description
bernard-cohen/floris-1964.jpg,No description
larry-zox/vina-1977.jpg,No description
vilhelm-lundstrom/composition-i-1918.jpg,No description
sam-francis/untitled-1984-1.jpg,No description
ralph-hotere/black-painting-1964.jpg,No description
ad-reinhardt/abstract-painting-red-1952.jpg,No description
balcomb-greene/the-nautical-land-1943.jpg,No description
milton-resnick/cargo-1957.jpg,No description
martin-barre/63-m-3-1963.jpg,No description
clyfford-still/1957-d-no-1-1957(1).jpg,No description
christo-coetzee/rose-sand-1958.jpg,No description
jean-rene-bazaine/chicago-detail-1953.jpg,No description
francois-arnal/la-louisiane-1949.jpg,No description
helmut-sturm/the-blue-phantom-1961.jpg,No description
marcel-barbeau/virgin-forest-1948.jpg,No description
willi-baumeister/happy-day-1947.jpg,No description
marcel-barbeau/le-tumulte-la-m-choire-crisp-e-1946.jpg,No description
jock-macdonald/from-a-riviera-window-1955.jpg,No description
giorgio-cavallon/untitled-1946.jpg,No description
frank-stella/the-marriage-of-reason-and-squalor-1959.jpg,No description
pierre-tal-coat/composition-1954.jpg,No description
gerard-fromanger/drapeau-fran-aise-le-rouge-1968.jpg,No description
luis-feito/untitled-1964.jpg,No description
jean-degottex/red-petal-2-1972.jpg,No description
fritz-winter/untitled-1950.jpg,No description
hans-hofmann/the-conjurer-1959.jpg,No description
bice-lazzari/rhythm-1956(2).jpg,No description
jean-messagier/composition-1950.jpg,No description
marc-vaux/blossom-1964.jpg,No description
louis-schanker/circle-image-no-25-1954.jpg,No description
bernard-cohen/print-2-1967.jpg,No description
jean-degottex/wave-1954.jpg,No description
donald-sultan/four-oranges-1993.jpg,No description
elaine-de-kooning/sunday-afternoon-1957.jpg,No description
jean-rene-bazaine/hollande-1956.jpg,No description
jean-paul-riopelle/untitled-composition-1951.jpg,No description
fernando-lanhas/o2-43-44-ou-o-violino-1944.jpg,No description
terry-frost/green-black-and-white-movement-1951.jpg,No description
kazuo-shiraga/bb64-1962.jpg,No description
david-bomberg/the-mud-bath-1914.jpg,No description
jean-messagier/tranche-courants-1971.jpg,No description
wladyslaw-strzeminski/oak-1934.jpg,No description
bob-law/drawing-25-4-60-1960.jpg,No description
jackson-pollock/mural.jpg,No description
chu-teh-chun/composition-1977.jpg,No description
kazuo-shiraga/fire-ritual-1974.jpg,No description
jack-tworkov/flowering-white-1949.jpg,No description
dan-christensen/crux-1969.jpg,No description
jean-paul-riopelle/pavane-1954.jpg,No description
chu-teh-chun/clair-d-obscurite-1988.jpg,No description
jiro-yoshihara/work-1965.jpg,No description
louis-cane/les-grilles-1976.jpg,No description
stuart-davis/hot-still-scape-for-six-colors-7th-avenue-style-1940.jpg,No description
afro/composition-1968.jpg,No description
peter-alexander/contoy-1988.jpg,No description
mark-rothko/black-on-maroon-3.jpg,No description
menez/sem-t-tulo-1954.jpg,No description
rupprecht-geiger/goulimine-1964.jpg,No description
taro-yamamoto/abstract-1957.jpg,No description
walter-darby-bannard/split-band-1962.jpg,No description
paul-reed/upstart-18f-1965.jpg,No description
yves-klein/untitled-pink-monochrome-1956.jpg,No description
ron-gorchov/foley-1967.jpg,No description
roger-bissi-re/october-1955.jpg,No description
modest-cuixart/pintura-i-mat-ries-1960.jpg,No description
peter-busa/venetian-glow-1959.jpg,No description
patrick-heron/red-garden-1956.jpg,No description
bernard-cohen/print-1-1967.jpg,No description
bram-van-velde/desertique-1981.jpg,No description
claude-tousignant/monochrome-orang-1956.jpg,No description
jack-bush/three-greens-and-black-1958.jpg,No description
willi-baumeister/aru-dark-blue-1955.jpg,No description
angelo-de-sousa/pintura-1974.jpg,No description
gillian-ayres/this-sweet-and-merry-month-1983.jpg,No description
antonio-areal/untitled-1962.jpg,No description
john-ferren/red-spot-1954.jpg,No description
ernst-wilhelm-nay/farbspiele-1952.jpg,No description
kazuo-nakamura/infinite-waves-1957.jpg,No description
gene-davis/red-devil-1959(1).jpg,No description
jean-arp/configuration.jpg,No description
joan-mitchell/city-landscape-1955(1).jpg,No description
jock-macdonald/primordial-fire-1957.jpg,No description
bradley-walker-tomlin/all-souls-night-1947.jpg,No description
mark-rothko/no-3-1953.jpg,No description
terry-frost/yellow-triptych-1959.jpg,No description
morris-louis/seal-1959.jpg,No description
natalia-dumitresco/on-me-fait-signe-1964.jpg,No description
edward-avedisian/untitled-203-watercolor-ball-1965.jpg,No description
helmut-sturm/untitled-1961-1.jpg,No description
arthur-beecher-carles/landscape-1921.jpg,No description
cesar-paternosto/verano-summer-from-the-color-field-soho-series-1967.jpg,No description
sam-gilliam/red-april-1970.jpg,No description
lee-krasner/seated-nude-1940.jpg,No description
manuel-rivera/espejo-del-duende-1963.jpg,No description
willem-de-kooning/merritt-parkway-1959.jpg,No description
robert-goodnough/untitled-1958.jpg,No description
georgia-o-keeffe/abstraction-white-rose.jpg,No description
mark-rothko/red-1968.jpg,No description
jacoba-van-heemskerck/abstract-composition.jpg,No description
karl-otto-gotz/gilgamesh-1947.jpg,No description
antonio-sanfilippo/composizione-1955.jpg,No description
nasreen-mohamedi/untitled-1969.jpg,No description
willi-baumeister/mask-4-1936.jpg,No description
zao-wou-ki/nocturne-1955.jpg,No description
john-ferren/contemplations-on-geraniums-1952.jpg,No description
lee-krasner/noon-1947.jpg,No description
carl-buchheister/untitled-no-70-1960.jpg,No description
victor-servranckx/opus-55-r-gne-de-l-acier-poli-heerschappij-van-gepolijst-staal-1923.jpg,No description
john-mclaughlin/number-14-1963.jpg,No description
perle-fine/untitled-1940.jpg,No description
martin-disler/tornado-tango-1984.jpg,No description
morris-graves/machine-age-noise-1957.jpg,No description
ben-nicholson/1932-painting-1932.jpg,No description
willem-de-kooning/asheville(1).jpg,No description
giulio-paolini/disegno-geometrico-1960.jpg,No description
afro/untitled-1964.jpg,No description
fernand-leduc/passage-rosion-1968.jpg,No description
ray-parker/kate-for-your-birthday-1964.jpg,No description
joan-miro/not_detected_227973.jpg,No description
afro/untitled-1962.jpg,No description
victor-hugo/composition-with-taches-1875.jpg,No description
philip-guston/zone.jpg,No description
nicolas-de-sta-l/fleurs-rouges-1952.jpg,No description
theodoros-stamos/classic-yellow-sun-box-1968.jpg,No description
jean-arp/abstract-composition.jpg,No description
arthur-dove/foghorns-1929.jpg,No description
theo-gerber/brousse-africaine-1958.jpg,No description
ad-reinhardt/abstract-painting-1961.jpg,No description
ray-parker/untitled-1961.jpg,No description
albert-rafols-casamada/paisajo-1960.jpg,No description
willi-baumeister/monturi-with-red-and-blue-1953.jpg,No description
clyfford-still/untitled-1951.jpg,No description
nicolas-de-sta-l/chemin-de-fer-au-bord-de-la-mer-soleil-couchant-1955.jpg,No description
martha-diamond/cityscape-with-blue-shadows-3-1994.jpg,No description
walter-darby-bannard/cherokee-blanket-1964.jpg,No description
hedda-sterne/tondo-22-1953.jpg,No description
wladyslaw-strzeminski/unistic-composition-1932.jpg,No description
nicolas-de-sta-l/marseille-sous-la-neige-1954.jpg,No description
kazuo-nakamura/structures-1956.jpg,No description
carmen-herrera/red-with-white-triangle-1961.jpg,No description
leon-berkowitz/source-7-1976.jpg,No description
enrico-baj/la-madmoiselle-du-jamaica-1954.jpg,No description
luis-feito/n-mero-363-1962.jpg,No description
martin-disler/untitled-1982.jpg,No description
max-weber/slide-lecture-at-the-metropolitan-museum.jpg,No description
afro/cronaca-autobiographia-1953.jpg,No description
rudolf-bauer/invention-composition-31-1933.jpg,No description
bob-law/nothing-to-be-afraid-of-iv-15-8-69-1969.jpg,No description
paul-feeley/the-other-side-1957.jpg,No description
francis-bott/composition-1957.jpg,No description
jean-le-moal/les-arbres-1954.jpg,No description
john-mclaughlin/number-27-1964.jpg,No description
morris-louis/floral-v-1960.jpg,No description
park-seo-bo/hereditarius-no-1-68-a-1968.jpg,No description
betty-goodwin/nerves-14-1995.jpg,No description
jacoba-van-heemskerck/bild-no-84-1918.jpg,No description
hans-richter/labyrinth-1948.jpg,No description
marcelle-cahn/composition-abstraite-1926.jpg,No description
peter-joseph/untitled-1967.jpg,No description
yves-klein/untitled-blue-monochrome-1959.jpg,No description
antonio-areal/opus-ii-n-40-1961.jpg,No description
pierre-tal-coat/untitled-1975(2).jpg,No description
ralph-rosenborg/landscape-study-sky-and-clouds-1940.jpg,No description
charlotte-posenenske/relief-series-b-1967-2(1).jpg,No description
john-ferren/composition-brun-1933.jpg,No description
janos-mattis-teutsch/soulflowers.jpg,No description
john-mclaughlin/number-23-1960.jpg,No description
lawren-harris/lsh-134-1950.jpg,No description
arthur-dove/sunrise-1924.jpg,No description
jack-bush/sing-sing-sing-1974.jpg,No description
bram-van-velde/le-bonheur-de-matisse-1981.jpg,No description
alberto-magnelli/animated-tension-1953.jpg,No description
marcelle-loubchansky/bethsabee-1956.jpg,No description
bradley-walker-tomlin/no-5-1952.jpg,No description
patrick-heron/azalea-garden-may-1956-1956.jpg,No description
theodoros-stamos/deseret-1959.jpg,No description
rudolf-bauer/con-roso-1918.jpg,No description
john-ferren/untitled-1956.jpg,No description
lynda-benglis/baby-blatt-1969.jpg,No description
giorgio-morandi/still-life-1962.jpg,No description
sam-francis/reefs-1955.jpg,No description
josef-ma/drops-of-light-1960.jpg,No description
norman-bluhm/pygmalion-1979.jpg,No description
peter-busa/untitled-1957.jpg,No description
michel-seuphor/composition-v-1929.jpg,No description
janos-mattis-teutsch/composition-1920(2).jpg,No description
fritz-winter/komposition-mit-rotem-fleck-1960.jpg,No description
wols/the-blue-phantom-1951.jpg,No description
giulio-turcato/composizione-grigio-rosa-1957.jpg,No description
marcelle-loubchansky/vert-soleil-rose-1956.jpg,No description
edward-avedisian/dreaming-figure-1978.jpg,No description
rupprecht-geiger/oe-280-komposition-in-rot-mit-wei-und-blau-1959.jpg,No description
ellsworth-kelly/red-yellow-blue-iii-1966.jpg,No description
antonio-calderara/spazio-luce-1959.jpg,No description
tsuruko-yamazaki/untitled-1965.jpg,No description
clyfford-still/1950-k-no-1-1950.jpg,No description
antonio-calderara/spazio-luce-1967.jpg,No description
serge-charchoune/the-tree-1928.jpg,No description
arshile-gorky/the-liver-is-the-cock-s-comb.jpg,No description
fritz-winter/schwarz-vor-grau-und-gelb-1954.jpg,No description
richard-pousette-dart/symphony-no-1-the-transcendental-1942.jpg,No description
robert-ryman/points-1963.jpg,No description
edward-wadsworth/landscape-1913(1).jpg,No description
morris-louis/blue-veil-1958.jpg,No description
william-baziotes/the-room-1945.jpg,No description
johannes-jan-schoonhoven/combination-1968.jpg,No description
stephen-mueller/allstar-galilee-1970.jpg,No description
john-mclaughlin/number-11-1964.jpg,No description
agnes-martin/the-islands-1961(1).jpg,No description
willi-baumeister/animated-slope-1949.jpg,No description
princess-fahrelnissa-zeid/triton-octopus-1953.jpg,No description
willi-baumeister/montaru-9-1953.jpg,No description
norman-bluhm/easter-morning-1979.jpg,No description
jean-degottex/criture-1961.jpg,No description
helen-frankenthaler/painted-on-21st-street-1951.jpg,No description
sam-francis/ammonite-sfm-82-063-1982(1).jpg,No description
morris-louis/dalet-zayin-1959.jpg,No description
joe-goode/untitled-1971.jpg,No description
victor-servranckx/opus-4-1949.jpg,No description
agnes-martin/red-bird-1964.jpg,No description
mark-rothko/no-1-royal-red-and-blue-1954.jpg,No description
larry-zox/fowey-light-1974.jpg,No description
robert-ryman/untitled-36-1963.jpg,No description
morris-louis/breaking-hue-1954.jpg,No description
ernst-wilhelm-nay/farbholzschnitt-1952-4-1952.jpg,No description
jean-messagier/ciel-deplisseur-1971.jpg,No description
eugene-leroy/bouquet-de-fleur-1958.jpg,No description
patrick-heron/scarlet-lemon-and-ultramarine-march-1957-1957.jpg,No description
modest-cuixart/untitled-1959.jpg,No description
charlotte-posenenske/bretagne-1960-1(1).jpg,No description
modest-cuixart/cercle-dor-1958.jpg,No description
joan-mitchell/hemlock-1956(1).jpg,No description
alberto-magnelli/mystere-vert-1952.jpg,No description
nicolas-de-sta-l/b-teau.jpg,No description
albert-bitran/untitled-1970.jpg,No description
brice-marden/cogitatio-1978.jpg,No description
horia-damian/cosmogonie-1962.jpg,No description
cesar-paternosto/modez-1971.jpg,No description
mark-rothko/yellow-cherry-orange.jpg,No description
arthur-pinajian/untitled-1960.jpg,No description
blinky-palermo/untitled-1964.jpg,No description
walter-darby-bannard/liberty-garden-1972.jpg,No description
jean-miotte/untitled-1959.jpg,No description
rodolfo-arico/untitled-1966-1.jpg,No description
kazuo-shiraga/sacred-flame-1975.jpg,No description
henri-michaux/untitled-1961.jpg,No description
peter-joseph/yellow-painting-1969.jpg,No description
raoul-de-keyser/kalklijnen-hoek-1971.jpg,No description
jay-defeo/the-ver-nica-1957.jpg,No description
antonio-palolo/lisbon-1973.jpg,No description
josef-ma/temp-te-f-camp-1954.jpg,No description
gosta-adrian-nilsson/house-at-the-beach-1919.jpg,No description
willi-baumeister/jurassic-1942.jpg,No description
vajda-lajos/huge-landscape-mask-1938.jpg,No description
paul-jenkins/tibetan-flange.jpg,No description
paul-jenkins/phenomena-astral-blue.jpg,No description
rene-duvillier/jouissance-de-l-espace-1975(1).jpg,No description
luis-feito/abstracto-en-grises-y-azules-1956.jpg,No description
alberto-burri/combustione-1957.jpg,No description
henri-matisse/the-snail-1953.jpg,No description
alma-woodsey-thomas/autumn-leaves-fluttering-in-the-breeze-1973.jpg,No description
dan-christensen/nathans-diamond-1987.jpg,No description
john-hoyland/april-1961-1961.jpg,No description
edward-corbett/untitled-1969.jpg,No description
jacques-h-rold/the-night-is-liquid-1972.jpg,No description
johannes-jan-schoonhoven/square-with-diagonals-1967.jpg,No description
mark-rothko/untitled-blue-divided-by-blue-1966.jpg,No description
jean-degottex/suite-la-rose-1959.jpg,No description
barnett-newman/onement-i-1948.jpg,No description
willi-baumeister/stone-garden-1939.jpg,No description
alfred-manessier/l-apparition-a-marie-de-magdala-1978.jpg,No description
lilia-carrillo/luna-de-silencio-1961.jpg,No description
gene-davis/passion-flower-1968(1).jpg,No description
stanley-boxer/heatscreambeat-1985.jpg,No description
paolo-scheggi/untitled-1960-1.jpg,No description
ronnie-landfield/rite-of-spring-1985.jpg,No description
denise-green/to-draw-on-1977.jpg,No description
johannes-jan-schoonhoven/quadratenrelief-met-schuine-binnenvlaken-in-4-richtingen-1967.jpg,No description
kazuo-nakamura/inner-structure-1954.jpg,No description
olivier-debre/blanche-de-l-acropolea-1988.jpg,No description
josef-ma/hot-air-balloon-1926.jpg,No description
kazuo-nakamura/into-space-3-1957.jpg,No description
serge-charchoune/grossissement-1927.jpg,No description
perle-fine/cool-series-no-26-first-love-1963.jpg,No description
denise-green/cos-cob-1987.jpg,No description
claude-georges/composition-geometrique-1957.jpg,No description
fernand-leduc/triptyque-ocre-violet-rouge-1965.jpg,No description
theodoros-stamos/infinity-field-lefkada-series-i-1980.jpg,No description
jean-fautrier/d-pouille-1945.jpg,No description
frank-stella/harran-ii-1967.jpg,No description
theo-van-doesburg/heroic-movement-1916.jpg,No description
rupprecht-geiger/586-69-gerundetes-rot-1969.jpg,No description
jean-degottex/yugen-iii-1961.jpg,No description
michel-parmentier/peinture-n-10-1965.jpg,No description
kazuo-shiraga/work-1972.jpg,No description
william-congdon/the-black-city-i-new-york-1949.jpg,No description
gotthard-graubner/farbraum-1963.jpg,No description
jean-fautrier/it-s-how-you-feel-1958.jpg,No description
pierre-tal-coat/du-c-t-de-la-dr-me-1979.jpg,No description
mark-lancaster/zapruder-green-1968.jpg,No description
leo-leuppi/befl-gelt-1949.jpg,No description
jean-paul-riopelle/landing-1958.jpg,No description
walter-darby-bannard/april-breakout-1981.jpg,No description
sam-francis/middle-blue-iii-1959.jpg,No description
martin-barre/62-5-1962.jpg,No description
pierre-daura/f1-1930.jpg,No description
arshile-gorky/one-year-the-milkweed.jpg,No description
antonio-calderara/spazio-luce-1961.jpg,No description
paul-klee/in-the-style-of-kairouan-1914.jpg,No description
jack-bush/striped-column-1964.jpg,No description
helen-frankenthaler/tutti-fruitti-1966.jpg,No description
rene-duvillier/cronos-31-1982(1).jpg,No description
nicolas-de-sta-l/les-martigues-composition-1954.jpg,No description
louis-schanker/untitled-1939.jpg,No description
bradley-walker-tomlin/number-2-1950.jpg,No description
paul-feeley/germanicus-1960.jpg,No description
rene-duvillier/anubis-1987(1).jpg,No description
bernard-schultze/vitalit-1955.jpg,No description
jean-messagier/la-grande-fracture-des-matins-1992.jpg,No description
carl-buchheister/unvollendet-iv-1958.jpg,No description
john-ferren/grazioso-1933.jpg,No description
ron-gorchov/untitled-1968.jpg,No description
bernard-cohen/print-6-1967.jpg,No description
wols/untitled-1945.jpg,No description
john-mclaughlin/number-13-1961.jpg,No description
antoni-tapies/grey-and-green-painting-1957.jpg,No description
kazuo-shiraga/fluid-red-1968.jpg,No description
samuel-buri/composition-schwendi-1961.jpg,No description
victor-servranckx/red-rotation-1922.jpg,No description
sven-lukin/untitled-1964.jpg,No description
milton-resnick/painting-i-1957.jpg,No description
wassily-kandinsky/color-study-squares-with-concentric-circles-1913(1).jpg,No description
cesar-paternosto/staccato-1965.jpg,No description
bernard-cohen/fifth-image-for-j-1976.jpg,No description
georgia-o-keeffe/series-i-no-3.jpg,No description
sam-francis/hail-hailey-1986.jpg,No description
lovis-corinth/cowshed-1912.jpg,No description
kenzo-okada/red-and-orange-1968.jpg,No description
john-mclaughlin/untitled-1963.jpg,No description
william-baziotes/still-life-1945.jpg,No description
marcelle-loubchansky/polynesie-en-bleu-1953.jpg,No description
kazuo-shiraga/karin-1976.jpg,No description
victor-servranckx/factory-1920.jpg,No description
georgia-o-keeffe/music-pink-and-blue-ii.jpg,No description
blinky-palermo/butterfly-ii-1969.jpg,No description
li-yuan-chia/folding-scroll-1963.jpg,No description
modest-cuixart/constelaci-n-1949.jpg,No description
olivier-debre/petit-jardin-du-jaune-1976.jpg,No description
frank-lobdell/27-october-1949-1949.jpg,No description
fritz-winter/untitled-1964.jpg,No description
jean-helion/abstract-copmosition-1934.jpg,No description
kenzo-okada/footsteps-1954.jpg,No description
francois-morellet/32-rectangles-1953.jpg,No description
christo-coetzee/the-vortex-1963.jpg,No description
agnes-martin/untitled-1959-1.jpg,No description
nicholas-krushenick/james-bond-meets-pussy-galore-1965.jpg,No description
paul-brach/the-negative-way-2-1964.jpg,No description
bice-lazzari/red-and-white-signals-1930(2).jpg,No description
willi-baumeister/harps-1945.jpg,No description
charlotte-posenenske/untitled-after-nature-tree-trunks-1959.jpg,No description
manuel-rivera/metamorfosis-nocturno-1960.jpg,No description
robert-huot/silver-kiss-1968.jpg,No description
norman-bluhm/coney-island-beauty-1974.jpg,No description
robert-ryman/classico-5-1968.jpg,No description
luis-feito/n-mero-148-1959.jpg,No description
willi-baumeister/phantom-and-yellow-table-1952.jpg,No description
john-mclaughlin/number-17-1962.jpg,No description
richard-pousette-dart/illumination-gothic-1958.jpg,No description
leon-berkowitz/oblique-7-1968.jpg,No description
modest-cuixart/di-legs-1959.jpg,No description
vajda-lajos/ancestral-nature-1938.jpg,No description
stephen-mueller/manitou-1971.jpg,No description
gerardo-dottori/ritmi-astrali-1916.jpg,No description
janos-mattis-teutsch/composition-1922-2.jpg,No description
giorgio-cavallon/untitled-1956.jpg,No description
sam-francis/untitled-1988-1.jpg,No description
sam-francis/untitled-lembark-i92-1988.jpg,No description
herbert-zangs/untitled-1958.jpg,No description
morris-louis/blue-column-1960.jpg,No description
kenzo-okada/untitled-1963.jpg,No description
edward-avedisian/untitled-017-1965.jpg,No description
robert-huot/two-blue-suits-1967.jpg,No description
wladyslaw-strzeminski/unist-composition-14-1934.jpg,No description
joan-hernandez-pijuan/pintura-222-60-1960.jpg,No description
hilma-af-klint/chaos-nr-2-1906.jpg,No description
howard-mehring/amarillo-1958.jpg,No description
sam-francis/dream-it-is-1963.jpg,No description
cy-twombly/tiznit.jpg,No description
jean-rene-bazaine/fuite-d-act-on-1984.jpg,No description
kazuo-nakamura/morning-mist-1951.jpg,No description
victor-servranckx/opus-14-1927.jpg,No description
jock-macdonald/riviera-winter-colour-symphony-1955.jpg,No description
louis-schanker/football-3-1950.jpg,No description
denise-green/untitled-vessel-10-1977.jpg,No description
rene-duvillier/chevaux-de-mer-1955(1).jpg,No description
sam-francis/basel-mural-i-1958(2).jpg,No description
francis-bott/composition-1949.jpg,No description
giulio-turcato/comizio-1948.jpg,No description
frank-stella/die-fahne-hoch-1959.jpg,No description
otto-freundlich/composition-1919.jpg,No description
warren-rohrer/edge-3-1985.jpg,No description
paul-reed/18-l-1965.jpg,No description
john-hoyland/28-5-66-1966.jpg,No description
alberto-magnelli/conversations-1958.jpg,No description
yves-gaucher/vert-brun-bleu-et-ochre-1974.jpg,No description
brice-marden/the-dylan-painting-1966(1).jpg,No description
edward-avedisian/untitled-033-1970.jpg,No description
joseph-marioni/untitled-yellow-painting-1971.jpg,No description
gustave-singier/collines-1954.jpg,No description
paul-klee/highway-and-byways-1929(1).jpg,No description
agnes-martin/the-peach-1964.jpg,No description
john-ferren/lutte-as-ciel-1937.jpg,No description
afro/il-pendolo-1963.jpg,No description
conrad-marca-relli/trial-1956.jpg,No description
willi-baumeister/owambo-1948.jpg,No description
bernard-cohen/fall-1964.jpg,No description
roger-de-la-fresnaye/smoking-in-the-shelter-1918.jpg,No description
jean-messagier/juillet-antennese-1962.jpg,No description
josef-ma/orph-e-1958.jpg,No description
julius-evola/astrazione-1921.jpg,No description
horia-damian/golden-constellation-1962.jpg,No description
norman-bluhm/green-frost-1957.jpg,No description
victor-hugo/abstract-composition.jpg,No description
agnes-martin/untitled-1959.jpg,No description
sam-francis/untitled-yellow-1961.jpg,No description
theodoros-stamos/infinity-field-lefkada-series-1980(1).jpg,No description
herbert-zangs/folding-1955.jpg,No description
rupprecht-geiger/467-67-1967.jpg,No description
marcelle-loubchansky/composition-1961-1.jpg,No description
rudolf-bauer/red-staff-1937.jpg,No description
afro/untitled-1957.jpg,No description
rupprecht-geiger/725-78-farbraum-geist-und-materie-1978.jpg,No description
yves-gaucher/naka-1962.jpg,No description
marsden-hartley/abstraction-1914.jpg,No description
ernst-wilhelm-nay/untitled-1957.jpg,No description
helen-frankenthaler/mountains-and-sea-1962.jpg,No description
paul-klee/new-harmony-1936.jpg,No description
afro/nero-verde-azzurro-1960.jpg,No description
lee-krasner/untitled-1949.jpg,No description
jean-fautrier/otage-1943.jpg,No description
lawren-harris/nature-rhythms-1950.jpg,No description
rupprecht-geiger/oe-250-schwarz-vor-zweimal-rot-1957.jpg,No description
mario-cesariny/a-torre-de-pisa-vai-cair-1978.jpg,No description
yves-klein/untitled-white-monochrome-1957-1.jpg,No description
zao-wou-ki/embrasement-1954.jpg,No description
myron-stout/untitled-5-2-17-55-1955.jpg,No description
nicolas-de-sta-l/nature-morte-1952.jpg,No description
wladyslaw-strzeminski/rudow-osa-1949.jpg,No description
kazuo-nakamura/inner-view-3-1955.jpg,No description
agnes-martin/the-harvest-1965.jpg,No description
jean-degottex/levez-le-doigt-et-tout-l-univers-est-l-1959.jpg,No description
tsuruko-yamazaki/work-1963.jpg,No description
paul-brach/the-negative-way-10-1964.jpg,No description
akira-kanayama/work-1957-2.jpg,No description
bob-law/no-62-black-blue-violet-blue-1967.jpg,No description
fernand-leduc/microchromie-gris-puissance-6-1977.jpg,No description
charlotte-posenenske/striped-picture-1962(1).jpg,No description
fernand-leduc/passage-rosion-vermillion-1967.jpg,No description
rupprecht-geiger/675-73-sequenz-kalt-warm-portrait-der-farbe-cerise-1973.jpg,No description
peter-busa/untitled-1964.jpg,No description
roger-bissi-re/vend-miaire-1963.jpg,No description
helen-frankenthaler/round-trip-1957.jpg,No description
alfred-manessier/la-s-ve-1963.jpg,No description
ray-parker/spring-1984.jpg,No description
paul-jenkins/phenomena-amber-sight.jpg,No description
leo-leuppi/muschel-v-gel-1948.jpg,No description
ernst-wilhelm-nay/rhythmic-composition-1951.jpg,No description
willi-baumeister/africa-i-1942.jpg,No description
john-ferren/untitled-1932.jpg,No description
giuseppe-santomaso/bianco-e-nero-di-spagna-1959.jpg,No description
hassel-smith/untitled-1959-1.jpg,No description
afro/figure.jpg,No description
fernando-lanhas/o32-60-1960.jpg,No description
john-marin/autumn-coloring-no-4-1952.jpg,No description
jean-messagier/printemps-du-monde-1967.jpg,No description
jay-defeo/the-annunciation-1959.jpg,No description
mark-lancaster/fourths-1969.jpg,No description
maurice-esteve/l-accueil-1954-1.jpg,No description
willem-de-kooning/door-to-the-river.jpg,No description
edward-corbett/mt-holyoke-45-1956.jpg,No description
olivier-debre/tout-vert-1966.jpg,No description
julius-evola/paesaggio-interiore-apertura-del-diaframma-1921.jpg,No description
john-ferren/untitled-1952-1.jpg,No description
michel-parmentier/untitled-1967.jpg,No description
serge-charchoune/the-small-black-holes-1927.jpg,No description
manuel-rivera/metamorfosis-1960.jpg,No description
jack-bush/big-a-1968.jpg,No description
louis-cane/toile-d-coup-e-1970.jpg,No description
syed-haider-raza/clocher-du-village-1958.jpg,No description
kazuo-shiraga/untitled-1979.jpg,No description
mario-schifano/grande-angolo-1963.jpg,No description
rupprecht-geiger/621-71-1971.jpg,No description
tsuruko-yamazaki/work-1957.jpg,No description
morris-louis/phi-1961.jpg,No description
gustave-singier/provence-vent-lumiere-1958.jpg,No description
william-scott/composition-with-blue-and-black-1959.jpg,No description
mark-rothko/no-3-no-13.jpg,No description
mark-rothko/orange-and-yellow(1).jpg,No description
hedda-sterne/n-y-1-road-4-1956.jpg,No description
kazuo-shiraga/koushin-san-1980-1.jpg,No description
jean-rene-bazaine/rocks-trees-and-plain-1952.jpg,No description
sadamasa-motonaga/sakuhin-1964.jpg,No description
karl-otto-gotz/smolbeck-1956.jpg,No description
william-turnbull/head-blue-yellow-1956.jpg,No description
paul-feeley/untitled-april-15-1964.jpg,No description
morris-graves/vessel-in-a-drift-of-diamond-light-in-the-sky-of-the-mind-1944.jpg,No description
paul-jenkins/not_detected_235726.jpg,No description
christo-coetzee/spiral-axis-1949.jpg,No description
fritz-winter/kleiner-garten-1961.jpg,No description
herbert-zangs/peinture-relief-1955.jpg,No description
craig-kauffman/untitled-1958.jpg,No description
arthur-beecher-carles/landscape-1910.jpg,No description
alfred-manessier/12-1956.jpg,No description
rupprecht-geiger/farbmodulationen-1962.jpg,No description
gillian-ayres/tadwalis-island-1982.jpg,No description
ray-parker/untitled-1964.jpg,No description
larry-zox/niagara-series-iv-1980.jpg,No description
arkhip-kuindzhi/sunset-in-the-winter-a-coast-of-the-sea.jpg,No description
jean-paul-riopelle/perspectives-1956.jpg,No description
wassily-kandinsky/yellow-red-blue-1925.jpg,No description
charlotte-posenenske/untitled-1962.jpg,No description
kazuo-shiraga/pleasure-of-wearing-1971.jpg,No description
olivier-debre/esquisse-boulogne-1988.jpg,No description
martin-barre/60-t-18-1960.jpg,No description
guido-molinari/untitled-1954.jpg,No description
craig-kauffman/studio-1958.jpg,No description
friedel-dzubas/untitled-1968.jpg,No description
friedel-dzubas/tundra-ii-1962.jpg,No description
paul-jenkins/phenomena-lands-end.jpg,No description
rene-duvillier/serpent-de-mer-1955-1(1).jpg,No description
barnett-newman/not-detected-265181(1).jpg,No description
edward-avedisian/untitled-yellows-and-greens-1975.jpg,No description
perle-fine/a-timeless-moment-1954.jpg,No description
olivier-debre/blanche-rose-1982.jpg,No description
barnett-newman/the-wild-1950.jpg,No description
ray-parker/untitled-71-1974.jpg,No description
denise-green/surya-chandra-1-1986.jpg,No description
paul-brach/silver-series-1965.jpg,No description
lyubov-popova/painterly-architectonic.jpg,No description
edward-corbett/white-provincetown-1959.jpg,No description
john-ferren/three-rocks-1949.jpg,No description
kazuo-nakamura/inner-structure-no-5-1955.jpg,No description
tess-jaray/untitled-1967.jpg,No description
pierre-tal-coat/au-matin-1981.jpg,No description
vajda-lajos/mask-with-moon-1938.jpg,No description
jack-bush/apple-blossom-burst-1971.jpg,No description
arthur-dove/nature-symbolized-1911.jpg,No description
eva-hesse/untitled.jpg,No description
mark-rothko/no-2-no-7-and-no-2-1951.jpg,No description
alberto-magnelli/points-d-hostilite-no-2-a-1941.jpg,No description
robert-ryman/untitled-1959.jpg,No description
clyfford-still/ph-21-1962.jpg,No description
robert-ryman/untitled-1965.jpg,No description
arthur-beecher-carles/abstraction-1941.jpg,No description
karl-otto-gotz/untitled-1953.jpg,No description
louis-cane/toile-d-coup-e-1976.jpg,No description
jean-miotte/texas-1951.jpg,No description
olivier-debre/rose-de-la-montagne-1991.jpg,No description
richard-pousette-dart/chavade-1951.jpg,No description
paul-klee/rock-chamber-1929.jpg,No description
rudolf-bauer/concentric-1925.jpg,No description
kenzo-okada/decision-1956.jpg,No description
louis-cane/papier-d-coup-et-coll-1967.jpg,No description
tsuruko-yamazaki/work-1967.jpg,No description
alfred-manessier/untitled-1952.jpg,No description
marcel-barbeau/natashkouan-1956.jpg,No description
louis-schanker/untitled-1949.jpg,No description
walter-darby-bannard/mandragora-1969.jpg,No description
bram-van-velde/sans-titre-paris-rue-g-t-le-coeur-1962.jpg,No description
richard-diebenkorn/ocean-park-no-30.jpg,No description
victor-pasmore/yellow-abstract-1961.jpg,No description
william-scott/painting-1959.jpg,No description
myron-stout/untitled-1955.jpg,No description
kazuo-shiraga/untitled-1972.jpg,No description
william-baziotes/dusk-1958.jpg,No description
hedda-sterne/machine-5-1950.jpg,No description
johannes-jan-schoonhoven/zeshoeken-1968.jpg,No description
helen-frankenthaler/robinson-s-wrap-1974.jpg,No description
louis-schanker/green-forms-1957.jpg,No description
john-hoyland/17-3-69-1969.jpg,No description
bernard-cohen/matter-of-identity-i-1963.jpg,No description
akira-kanayama/work-1957-3.jpg,No description
jacoba-van-heemskerck/baum-1913.jpg,No description
david-bomberg/ju-jitsu-1913.jpg,No description
hilma-af-klint/the-swan-no-16-1915.jpg,No description
jean-michel-atlan/calypso-ii-1956.jpg,No description
richards-ruben/untitled-1951.jpg,No description
maurice-esteve/faverdines-1955-1.jpg,No description
arthur-dove/indian-summer-1941.jpg,No description
richard-oelze/baumlandschaft-1935.jpg,No description
jean-miotte/composition-1962.jpg,No description
kazuo-nakamura/inner-structure-1955.jpg,No description
ben-nicholson/1924-first-abstract-painting-chelsea-1924.jpg,No description
ron-gorchov/old-flame-1974.jpg,No description
alfred-jensen/tattoed-1958.jpg,No description
walter-darby-bannard/aberddeen-i-1970.jpg,No description
mark-rothko/untitled-1969-2.jpg,No description
jan-groth/maleri-1964.jpg,No description
horia-damian/grande-constellation-bleue-1959.jpg,No description
auguste-herbin/nude-1960.jpg,No description
frank-stella/blue-horizon-1958.jpg,No description
li-yuan-chia/untitled-1960.jpg,No description
roger-bissi-re/untitled-1955.jpg,No description
karl-otto-gotz/untitled-1958.jpg,No description
francis-bott/composition-1957-1.jpg,No description
martin-disler/untitled-1986-1.jpg,No description
theo-gerber/op-ration-secr-te-1962.jpg,No description
marcel-barbeau/rosier-feuilles-1946.jpg,No description
se-ok-suh/line-variation-1959.jpg,No description
sam-francis/for-the-blue-sons-of-the-air-1990.jpg,No description
leon-arthur-tutundjian/composition-cellulaire-au-cercle-rouge-1927(1).jpg,No description
arshile-gorky/water-of-the-flowery-mill.jpg,No description
friedel-dzubas/color-test-1987.jpg,No description
modest-cuixart/untitled-1948.jpg,No description
dan-christensen/hornet-1970.jpg,No description
sam-francis/untitled-1984-3.jpg,No description
clyfford-still/1952-a-1952.jpg,No description
jean-messagier/les-indes-sur-la-rivi-re-1967.jpg,No description
rene-duvillier/sea-1960(1).jpg,No description
nicolas-de-sta-l/marine.jpg,No description
ben-nicholson/june-1937-painting-1937.jpg,No description
jean-degottex/composition-1957.jpg,No description
ernst-wilhelm-nay/furioso-1963.jpg,No description
jean-messagier/machine-pour-toulouse-lautrec-1991.jpg,No description
rene-duvillier/untitled-1986(1).jpg,No description
claude-georges/untitled-1964.jpg,No description
clyfford-still/1944-n-no-1-1944.jpg,No description
mark-rothko/untitled-1969.jpg,No description
mark-tobey/canticle-1954.jpg,No description
paul-klee/flora-on-sand-1927(1).jpg,No description
morris-graves/chalice-1941.jpg,No description
akira-kanayama/work-1957-1.jpg,No description
theodoros-stamos/infinity-field-lefkada-series-1980-1(1).jpg,No description
max-weber/rush-hour.jpg,No description
otto-freundlich/komposition-in-schwarz-und-wei-1936.jpg,No description
ronnie-landfield/nightfall-1994.jpg,No description
jaroslav-serpan/sczujltnkffk-1962.jpg,No description
karl-benjamin/14-1965.jpg,No description
friedel-dzubas/east-journey-1968.jpg,No description
sam-francis/hommage-a-vincent-van-gogh-1989.jpg,No description
sam-francis/blue-sky-painting-1960.jpg,No description
william-turnbull/head-1953.jpg,No description
pierre-tal-coat/en-grimpant-1962.jpg,No description
francois-arnal/la-lumi-re-toujours-plus-lointaine-1959.jpg,No description
paul-jenkins/lotus.jpg,No description
jan-groth/tegn-iii-1966.jpg,No description
afro/untitled-1955.jpg,No description
willi-baumeister/bluxao-1955.jpg,No description
chu-teh-chun/4-avril-1979.jpg,No description
rene-duvillier/vision-expressive-1968.jpg,No description
hedda-sterne/alaska-1-1958.jpg,No description
paul-feeley/apyu-1963.jpg,No description
daniel-buren/peinture-acrylique-blanche-sur-tissu-ray-blanc-et-orange-1967.jpg,No description
esteban-vicente/afternoon-1971.jpg,No description
rudolf-bauer/lines-1922.jpg,No description
modest-cuixart/untitled-1962.jpg,No description
afro/untitled-1962-1.jpg,No description
roberto-matta/snail-s-trace-1937.jpg,No description
jiro-yoshihara/blue-calligraphic-lines-on-dark-blue-1963.jpg,No description
piero-manzoni/achrome-1958.jpg,No description
ralph-rosenborg/monhegan-island-seascape-1959.jpg,No description
willi-baumeister/black-metamorphosis-1950.jpg,No description
jay-defeo/the-jewel-1959.jpg,No description
john-ferren/quiet-1965.jpg,No description
patrick-heron/vertical-january-1956-1956.jpg,No description
albert-bitran/composition-1974.jpg,No description
jean-fautrier/artichaut-1926.jpg,No description
arthur-pinajian/untitled-landscape-woodstock-no-3876-1960.jpg,No description
victor-hugo/silhouette-fantastique-1854.jpg,No description
kazuo-shiraga/untitled-blue-1969.jpg,No description
jeremy-moon/naxos-1964.jpg,No description
hassel-smith/the-houston-scene-1959.jpg,No description
philip-guston/last-piece-1958.jpg,No description
francois-arnal/deux-noirs-sur-raies-vertes-1981.jpg,No description
friedel-dzubas/red-heart-1980.jpg,No description
max-weber/russian-ballet.jpg,No description
frank-lobdell/1-august-1948-1948.jpg,No description
barnett-newman/third-station-1960.jpg,No description
denise-green/two-figures-1976.jpg,No description
paul-feeley/trajan-1960.jpg,No description
georgia-o-keeffe/blue-02.jpg,No description
rene-duvillier/le-jeu-du-sterne-et-de-la-mer-1955(1).jpg,No description
theodoros-stamos/delphic-shibboleth-1959.jpg,No description
carl-buchheister/composition-har-1957.jpg,No description
princess-fahrelnissa-zeid/my-hell-1951.jpg,No description
alfred-manessier/composition-1959.jpg,No description
jay-defeo/origin-1956.jpg,No description
paul-jenkins/not_detected_235722.jpg,No description
modest-cuixart/espai-fibrat-1958.jpg,No description
mark-tobey/meditative-series-viii-1954.jpg,No description
arnulf-rainer/wine-crucifix-1978.jpg,No description
jean-rene-bazaine/figure-sur-fond-d-arbre-1945.jpg,No description
marcelle-loubchansky/sans-titre-1960.jpg,No description
gene-davis/black-grey-beat-1964(1).jpg,No description
bradley-walker-tomlin/number-15-1953.jpg,No description
afro/untitled-1958.jpg,No description
jiro-yoshihara/white-line-on-black-1968.jpg,No description
rudolf-bauer/four-crosses-1924.jpg,No description
victor-hugo/taches-with-fingerprints-1865.jpg,No description
edwin-dickinson/o-neil-s-wharf-1913.jpg,No description
jean-fautrier/le-lilas-blanc-1927.jpg,No description
modest-cuixart/untitled-1960.jpg,No description
paul-brach/the-negative-way-4-1964.jpg,No description
bram-van-velde/composition-1967.jpg,No description
chu-teh-chun/dominant-bleu-1990.jpg,No description
gosta-adrian-nilsson/komposition-1917.jpg,No description
wladyslaw-strzeminski/kompozycja-morska-wenus-1933.jpg,No description
karl-otto-gotz/karant-5-7-1957-1957.jpg,No description
alexej-von-jawlensky/variation-field-of-tulips-1916.jpg,No description
giovanni-anselmo/studio-per-la-mia-ombra-verso-l-infinito-dalla-cima-dello-stromboli-durante-l-alba-del-16-1965.jpg,No description
jack-bush/leap-on-blue-1976.jpg,No description
richards-ruben/untitled-1959.jpg,No description
modest-cuixart/linneus-escriba-1948-1.jpg,No description
jaroslav-serpan/coh-aa-1954.jpg,No description
shozo-shimamoto/holes-1953.jpg,No description
sam-francis/untitled-sfp89-105-1989.jpg,No description
bice-lazzari/senza-titolo-1952(1).jpg,No description
christo-coetzee/et-in-arcadia-ego-1964.jpg,No description
francis-bott/ailes-1961.jpg,No description
ernst-wilhelm-nay/untitled-1954.jpg,No description
stanley-boxer/boundsplayedpause-1982.jpg,No description
natalia-dumitresco/galaxy-1959.jpg,No description
joan-mitchell/untitled-1951-1(1).jpg,No description
john-ferren/untitled-1952.jpg,No description
piet-mondrian/view-from-the-dunes-with-beach-and-piers-1909.jpg,No description
mark-rothko/untitled-4(1).jpg,No description
audrey-flack/abstract-force-homage-to-franz-kline-1952.jpg,No description
leon-arthur-tutundjian/nature-morte-aux-pommes-1925.jpg,No description
frederic-matys-thursz/untitled-blue-field-1961.jpg,No description
otto-freundlich/composition-1936.jpg,No description
gustave-singier/provence-soleil-mer-froide-1958.jpg,No description
sam-francis/untitled-1990-2.jpg,No description
ad-reinhardt/untitled-1938.jpg,No description
ronnie-landfield/garden-of-delight-1971.jpg,No description
fernand-leduc/jaune-1962.jpg,No description
dan-christensen/street-dancer-1986.jpg,No description
stuart-davis/colonial-cubism-1954.jpg,No description
kazuo-shiraga/crystal-ring-1976.jpg,No description
morris-louis/delta-theta-1961.jpg,No description
victor-pasmore/square-motif-blue-and-gold-the-eclipse-1950.jpg,No description
warren-rohrer/summer-red-1972.jpg,No description
brice-marden/rodeo-1971.jpg,No description
rene-duvillier/aphrodite-1971-1(1).jpg,No description
ray-parker/love-denise-glad-you-like-it-1960.jpg,No description
winifred-nicholson/moonlight-and-lamplight-1937.jpg,No description
stanley-boxer/summonsfromthemilk-1991.jpg,No description
wassily-kandinsky/composition-vi-1913.jpg,No description
mark-rothko/no-5-no-22.jpg,No description
larry-zox/untitled-1964.jpg,No description
gosta-adrian-nilsson/komposition-1950.jpg,No description
david-bomberg/in-the-hold-1914.jpg,No description
johannes-jan-schoonhoven/rad-4-1968.jpg,No description
sam-francis/untitled-1990-6.jpg,No description
mark-rothko/white-center.jpg,No description
willi-baumeister/ideogram-1937.jpg,No description
michel-parmentier/15-octobre-1966.jpg,No description
frank-stella/gran-cairo-1962.jpg,No description
leon-berkowitz/cathedral-11-1968.jpg,No description
alma-woodsey-thomas/springtime-in-washington-1971.jpg,No description
barnett-newman/canto-vii-1963.jpg,No description
willi-baumeister/chess-players-iii-1924.jpg,No description
gillian-ayres/abstract-composition-1972.jpg,No description
dan-christensen/untitled-1968.jpg,No description
pat-lipsky/spiked-red-1969.jpg,No description
yves-gaucher/r-m-i-1969.jpg,No description
sam-francis/la-primavera-1988(1).jpg,No description
paul-jenkins/phenomena-waiting-gables.jpg,No description
alma-woodsey-thomas/atmospheric-effects-i-1970.jpg,No description
giorgio-cavallon/country-scene-1938.jpg,No description
carmen-herrera/amarillo-1971.jpg,No description
alma-woodsey-thomas/wind-and-crepe-myrtle-concerto-1973.jpg,No description
johannes-itten/horizontal-vertical-1915.jpg,No description
morris-louis/pillar-of-fire-1961.jpg,No description
marcel-janco/euphoria-dada-1917.jpg,No description
sadamasa-motonaga/work-1956.jpg,No description
olivier-debre/blanche-variante-taches-rouges-de-royan-1981.jpg,No description
sam-francis/untitled-1965-2.jpg,No description
otto-freundlich/rosace-ii-1941.jpg,No description
marc-vaux/stranger-2-1964.jpg,No description
kenzo-okada/tanabata-1955.jpg,No description
gotthard-graubner/untitled-1964-1.jpg,No description
sam-francis/lollipop-sf88-250-1988.jpg,No description
julius-evola/small-table-upper-surface-1920.jpg,No description
helen-frankenthaler/mauve-district-1966.jpg,No description
piero-dorazio/rosso-perugino-1979.jpg,No description
friedel-dzubas/stone-flower-1961.jpg,No description
willi-baumeister/colored-ideogram-1939.jpg,No description
william-scott/orange-and-red-1957.jpg,No description
morris-louis/where-1960.jpg,No description
alma-woodsey-thomas/air-view-of-a-spring-nursery-1966.jpg,No description
pat-lipsky/morning-fever-1970.jpg,No description
robert-huot/scott-s-scribble-1966.jpg,No description
jean-michel-atlan/agrigente-1959.jpg,No description
al-held/taxi-cab-ii-1959.jpg,No description
matsutani/a-position-a-1972(1).jpg,No description
fritz-winter/heiter-1950.jpg,No description
agnes-martin/night-sea-1963.jpg,No description
fernand-leger/propellers-2nd-state-1918.jpg,No description
bram-van-velde/etendue-1974.jpg,No description
roger-bissi-re/claire-de-lune.jpg,No description
albert-bitran/composition-1971.jpg,No description
louis-cane/toile-tamponn-e-1967-3.jpg,No description
victor-servranckx/xallpaper-papier-peint-1922.jpg,No description
serge-charchoune/la-mer-sauvage-1950.jpg,No description
antonio-calderara/spazio-luce-1960.jpg,No description
sam-francis/toward-disappearance-iii-1958.jpg,No description
otto-freundlich/lichtkreise-kosmischer-regenbogen-1922.jpg,No description
carl-buchheister/komposition-chartem-1958.jpg,No description
kazuo-nakamura/hillside-1954.jpg,No description
gustave-singier/provence-i-1957.jpg,No description
edward-avedisian/untitled-red-blue-1979.jpg,No description
julius-bissier/15-febr-62-1962.jpg,No description
giorgio-morandi/natura-morta-1(1).jpg,No description
walter-darby-bannard/lemon-cards-1-1963.jpg,No description
alekos-kontopoulos/athens-1954.jpg,No description
sam-gilliam/april-4-1969.jpg,No description
rupprecht-geiger/oe-260-1957.jpg,No description
agnes-martin/this-rain-1960.jpg,No description
stanley-boxer/untitled-1956.jpg,No description
morris-louis/partition-1962.jpg,No description
antonio-calderara/spazio-luce-1965.jpg,No description
robert-ryman/untitled-orange-painting-1955.jpg,No description
wladyslaw-strzeminski/powidok-s-o-ca-1949.jpg,No description
georgia-o-keeffe/it-was-yellow-and-pink-ii.jpg,No description
agnes-martin/stars-1963.jpg,No description
edward-corbett/washington-d-c-october-8-1964-1964.jpg,No description
edward-avedisian/untitled-1962.jpg,No description
alberto-magnelli/lyrical-explosion-no-12-1918.jpg,No description
willi-baumeister/sun-figures-1944.jpg,No description
otto-freundlich/composition-1938.jpg,No description
henri-matisse/white-torso-and-blue-torso-1944.jpg,No description
albert-gleizes/paysage-1914.jpg,No description
ellsworth-kelly/spectrum-iv-1967.jpg,No description
john-ferren/desert-landscape-1951.jpg,No description
wassily-kandinsky/composition-iv-1911.jpg,No description
samuel-buri/new-frontiers-slogan-von-j-f-kennedy-1964.jpg,No description
brice-marden/for-pearl-1970(1).jpg,No description
stanley-boxer/alcamosparadiso-1991.jpg,No description
john-ferren/red-rose-1966.jpg,No description
jack-bush/attacca-1975.jpg,No description
paul-reed/17dr-1965.jpg,No description
maurice-esteve/l-eau-verte-1962-1.jpg,No description
john-ferren/sidon-no-3-1965.jpg,No description
pierre-tal-coat/dans-les-champs.jpg,No description
larry-zox/open-white-center-1974.jpg,No description
william-turnbull/no-1-1959.jpg,No description
norman-bluhm/dido-1973.jpg,No description
alberto-burri/composition-1953.jpg,No description
sam-francis/blue-balls-viii-1962.jpg,No description
rodolfo-arico/anomalia-1969.jpg,No description
clyfford-still/untitled-1974.jpg,No description
denise-green/tulipidendron-2-1977.jpg,No description
francois-arnal/composition-1960.jpg,No description
tess-jaray/green-arrows-on-white-1968.jpg,No description
wassily-kandinsky/on-white-ii-1923.jpg,No description
jean-helion/equilibrium-1934.jpg,No description
